AccountId_numeric,is_high_risk
3957.0,0
4841.0,0
4229.0,1
648.0,0
1078.0,1
2442.0,0
272.0,1
710.0,1
2634.0,1
2685.0,0
3081.0,1
1825.0,0
2314.0,0
1616.0,0
3455.0,0
2540.0,1
2126.0,0
571.0,0
826.0,0
1842.0,0
714.0,1
335.0,0
2744.0,0
1479.0,0
4352.0,0
2216.0,1
1523.0,1
3447.0,0
2056.0,0
12.0,0
2132.0,0
2401.0,0
460.0,0
1346.0,0
4103.0,1
4132.0,1
4249.0,1
1709.0,0
934.0,1
946.0,1
4832.0,1
280.0,0
2296.0,0
3832.0,1
4116.0,0
856.0,0
168.0,1
2366.0,0
1447.0,0
4140.0,1
3682.0,1
1725.0,1
3595.0,0
2604.0,0
109.0,1
2402.0,0
4401.0,1
1601.0,1
3183.0,0
563.0,1
128.0,1
160.0,0
4482.0,0
2395.0,0
687.0,0
2335.0,0
3741.0,1
238.0,0
694.0,1
4840.0,0
1823.0,0
4445.0,1
1339.0,1
712.0,1
538.0,0
432.0,0
3617.0,0
3375.0,0
4068.0,0
2237.0,0
2333.0,1
3710.0,0
1533.0,0
1622.0,1
2256.0,1
2591.0,0
1062.0,0
197.0,0
174.0,1
3887.0,0
4466.0,0
4184.0,0
3603.0,1
4425.0,0
1608.0,0
4110.0,0
678.0,0
4076.0,0
3992.0,0
2860.0,1
568.0,0
3937.0,0
3792.0,1
4769.0,1
2973.0,1
1567.0,0
2019.0,1
2292.0,0
2230.0,0
2406.0,0
3019.0,1
4590.0,0
3219.0,1
1294.0,0
1856.0,1
4206.0,1
4726.0,1
4517.0,0
3470.0,1
297.0,1
332.0,1
3397.0,1
2592.0,0
4075.0,0
2547.0,0
3255.0,0
3124.0,0
1686.0,0
2703.0,0
4519.0,0
4712.0,1
4593.0,0
2700.0,0
3756.0,1
2358.0,0
2450.0,0
4258.0,0
4153.0,0
3016.0,1
3400.0,0
4805.0,0
508.0,1
10.0,0
4460.0,0
1394.0,0
654.0,0
2625.0,1
662.0,0
184.0,1
2325.0,0
3661.0,1
1470.0,1
2735.0,0
3745.0,0
3189.0,1
4467.0,0
4536.0,0
2073.0,1
2231.0,0
1246.0,1
1591.0,0
829.0,1
575.0,0
744.0,1
3880.0,0
1896.0,1
3014.0,0
1043.0,1
526.0,0
4708.0,1
3096.0,1
2523.0,0
2272.0,1
3018.0,1
1386.0,0
4318.0,0
1504.0,0
3208.0,0
383.0,0
18.0,1
500.0,1
4115.0,1
2250.0,0
835.0,0
3178.0,0
893.0,0
2988.0,1
3811.0,0
3770.0,0
932.0,0
3029.0,0
2086.0,0
1257.0,1
185.0,0
3369.0,0
2430.0,0
1233.0,0
3630.0,1
2683.0,0
192.0,0
2946.0,0
2443.0,0
4389.0,0
3905.0,1
3925.0,0
4820.0,1
2825.0,0
1270.0,0
3474.0,0
1669.0,0
4111.0,0
3258.0,1
2807.0,0
1153.0,1
854.0,0
4188.0,1
3879.0,1
661.0,1
3027.0,0
2759.0,0
1336.0,1
1828.0,1
2906.0,0
4213.0,0
19.0,0
1437.0,1
1883.0,0
838.0,0
2804.0,0
2624.0,1
1923.0,1
4156.0,1
2423.0,0
3662.0,1
1005.0,1
3900.0,0
4737.0,1
4104.0,0
2016.0,0
4133.0,0
325.0,1
917.0,0
796.0,0
496.0,0
3674.0,1
3361.0,0
1585.0,1
594.0,0
3220.0,0
3869.0,0
672.0,0
1714.0,1
2673.0,0
3505.0,1
3384.0,0
1362.0,1
4538.0,0
4553.0,0
1894.0,0
4196.0,1
4703.0,0
3517.0,1
3810.0,0
2045.0,1
385.0,1
1833.0,1
552.0,1
354.0,1
3042.0,1
2751.0,0
1073.0,1
4139.0,1
4670.0,0
1327.0,1
4415.0,1
2467.0,0
1227.0,1
2714.0,0
2139.0,0
4743.0,1
2570.0,0
1518.0,0
1490.0,0
1068.0,1
814.0,1
1175.0,1
556.0,1
431.0,0
4479.0,1
4729.0,1
1499.0,1
1502.0,1
2884.0,0
1263.0,1
1217.0,1
1506.0,0
2779.0,0
1393.0,1
2802.0,0
2360.0,0
3621.0,0
3728.0,1
2960.0,0
2331.0,1
3809.0,0
3223.0,0
548.0,1
4824.0,0
2233.0,1
3435.0,0
1634.0,0
2013.0,0
2024.0,0
3002.0,0
1075.0,0
3051.0,0
4767.0,0
2549.0,1
3971.0,0
3721.0,1
1562.0,0
3999.0,1
3901.0,0
3775.0,0
2792.0,0
331.0,0
1441.0,1
1188.0,0
3207.0,0
4558.0,0
2501.0,0
4023.0,0
3882.0,0
2602.0,1
3562.0,0
4244.0,1
398.0,0
4493.0,0
1187.0,0
3362.0,0
1682.0,0
299.0,1
1962.0,1
2695.0,1
3738.0,0
3795.0,0
2393.0,1
3996.0,1
3376.0,0
259.0,1
3315.0,0
3481.0,0
2994.0,0
3552.0,0
3965.0,1
4600.0,0
3103.0,0
3390.0,1
2687.0,1
4199.0,0
2670.0,1
3512.0,1
2379.0,0
4745.0,1
2828.0,0
61.0,0
3773.0,0
3746.0,0
3008.0,1
2044.0,1
3692.0,1
363.0,1
702.0,1
1492.0,1
860.0,1
446.0,0
4551.0,0
210.0,1
3048.0,0
2232.0,0
2991.0,1
3082.0,1
24.0,1
3282.0,0
4447.0,1
1228.0,0
270.0,1
3807.0,1
1118.0,1
2745.0,1
4416.0,0
4355.0,0
33.0,0
2819.0,0
1404.0,0
2060.0,1
992.0,1
2816.0,0
789.0,0
3560.0,1
2668.0,1
4706.0,0
3691.0,1
183.0,1
4614.0,0
2980.0,0
4150.0,0
3753.0,1
2437.0,1
4398.0,1
3833.0,1
1260.0,0
477.0,1
3085.0,0
3672.0,0
761.0,1
551.0,0
3254.0,1
4640.0,0
3713.0,1
3122.0,0
3382.0,1
2858.0,1
3483.0,0
205.0,0
4438.0,0
4366.0,1
2151.0,1
4250.0,1
3003.0,1
895.0,1
1060.0,0
1904.0,1
3266.0,0
4509.0,1
3574.0,1
4356.0,0
715.0,0
474.0,1
1618.0,1
4370.0,0
1164.0,1
1443.0,1
4504.0,1
1854.0,1
4088.0,1
2107.0,1
511.0,1
4329.0,0
478.0,0
2525.0,0
2543.0,0
1981.0,1
3279.0,1
1053.0,1
3824.0,1
2293.0,1
2369.0,1
2567.0,1
4449.0,0
3013.0,0
506.0,0
81.0,0
3383.0,0
80.0,1
545.0,1
564.0,0
274.0,1
4320.0,1
1790.0,1
2832.0,1
1656.0,1
1643.0,1
4304.0,0
2191.0,1
3629.0,1
4052.0,1
323.0,0
4636.0,0
3164.0,0
1814.0,0
1628.0,1
4550.0,0
3132.0,0
145.0,1
1508.0,1
1571.0,1
3568.0,1
1069.0,1
2691.0,0
2814.0,1
1360.0,1
3739.0,0
3938.0,1
1765.0,0
2594.0,0
1010.0,1
2433.0,0
1704.0,1
2656.0,0
456.0,0
2964.0,0
3758.0,0
2928.0,0
4003.0,1
2529.0,1
3047.0,1
4360.0,0
2908.0,1
3459.0,0
1702.0,0
4481.0,0
4225.0,1
3844.0,1
2235.0,0
4117.0,0
2295.0,1
3667.0,1
3017.0,0
2147.0,1
2188.0,1
379.0,1
3445.0,1
2854.0,0
1769.0,1
121.0,1
1302.0,1
1157.0,1
3074.0,1
4001.0,1
4762.0,1
2952.0,1
1861.0,1
2025.0,1
3804.0,0
1640.0,1
3463.0,1
2585.0,0
162.0,1
1026.0,1
1990.0,1
1216.0,1
1959.0,0
3645.0,0
3966.0,0
3185.0,0
4564.0,1
2705.0,1
1224.0,0
3309.0,1
2283.0,0
2150.0,1
1000.0,1
4269.0,1
147.0,0
2509.0,1
1205.0,1
1730.0,1
3038.0,0
582.0,0
2491.0,0
3943.0,1
207.0,0
386.0,1
1954.0,0
4672.0,0
2444.0,1
3845.0,1
4234.0,1
4357.0,0
1900.0,1
4082.0,1
863.0,1
2910.0,1
986.0,0
1172.0,1
4484.0,0
3567.0,1
190.0,1
3305.0,1
4055.0,0
4018.0,1
3268.0,1
1627.0,1
262.0,1
3635.0,1
3408.0,0
2518.0,0
2170.0,1
2857.0,1
2508.0,1
2821.0,0
2347.0,1
3136.0,0
1074.0,1
1247.0,1
3693.0,1
4624.0,1
4345.0,0
2218.0,1
3915.0,1
1744.0,0
182.0,1
3814.0,1
1761.0,0
4440.0,0
950.0,0
2767.0,1
1072.0,1
178.0,1
3797.0,0
2505.0,0
177.0,1
1138.0,1
2385.0,1
4408.0,1
2622.0,1
2511.0,1
3715.0,0
4293.0,0
4178.0,1
1525.0,0
4316.0,1
983.0,1
2049.0,1
2194.0,1
231.0,0
2215.0,1
2640.0,1
3135.0,0
4379.0,1
521.0,0
2118.0,1
2242.0,1
4734.0,0
1092.0,1
4634.0,1
1629.0,1
3507.0,0
2485.0,1
2182.0,1
3146.0,1
36.0,0
3993.0,0
134.0,0
130.0,1
812.0,0
252.0,1
692.0,0
3740.0,0
1968.0,0
4333.0,1
3979.0,0
3967.0,1
973.0,1
2989.0,1
1018.0,1
2811.0,0
1033.0,1
4325.0,1
3898.0,1
410.0,1
4012.0,0
4575.0,1
461.0,0
360.0,0
1606.0,0
2868.0,1
792.0,1
2583.0,0
2339.0,1
1272.0,1
64.0,1
3596.0,1
380.0,1
2195.0,0
2798.0,1
1955.0,0
3794.0,0
2343.0,0
1457.0,0
1312.0,1
235.0,1
2772.0,1
1135.0,1
4577.0,1
3401.0,0
885.0,1
1746.0,0
3230.0,1
1262.0,1
2564.0,0
3033.0,1
4420.0,0
4232.0,1
3990.0,1
3097.0,0
3092.0,1
1952.0,1
2796.0,0
95.0,0
2608.0,1
166.0,1
1817.0,1
3089.0,0
4031.0,1
388.0,0
667.0,1
3269.0,0
2580.0,1
3441.0,0
3274.0,0
1119.0,1
4537.0,0
2309.0,1
1056.0,0
4032.0,1
2949.0,0
199.0,1
3978.0,0
2328.0,1
227.0,1
2783.0,0
2352.0,1
2706.0,1
3386.0,0
4658.0,1
1625.0,1
1503.0,0
3272.0,1
3263.0,1
910.0,1
1558.0,1
1687.0,0
493.0,1
3336.0,0
3994.0,1
4833.0,1
4492.0,1
3078.0,0
3152.0,1
3884.0,0
2801.0,0
3964.0,0
284.0,0
1892.0,1
2193.0,0
3167.0,1
2684.0,0
4443.0,0
1716.0,1
3007.0,1
288.0,1
2257.0,1
782.0,0
2664.0,1
1693.0,1
3707.0,1
2305.0,1
2975.0,1
971.0,1
1971.0,1
3107.0,1
901.0,0
4016.0,1
8.0,0
3378.0,0
4146.0,1
3579.0,1
219.0,1
1798.0,1
3465.0,0
4795.0,1
255.0,1
6.0,1
13.0,0
4237.0,1
4665.0,1
4096.0,1
2492.0,1
4786.0,1
1534.0,1
4487.0,1
2925.0,1
3180.0,1
1350.0,0
679.0,1
785.0,1
4039.0,1
2892.0,1
878.0,0
1139.0,1
537.0,0
71.0,1
2840.0,1
1541.0,1
3307.0,0
4277.0,1
862.0,1
2750.0,1
502.0,1
3090.0,1
989.0,1
3028.0,0
3658.0,1
4187.0,1
4131.0,0
4410.0,0
1474.0,1
1100.0,1
2434.0,1
4301.0,1
2693.0,0
204.0,0
1540.0,1
3153.0,0
2259.0,0
1235.0,1
3129.0,0
1879.0,1
840.0,1
510.0,0
4570.0,1
3556.0,1
2586.0,0
369.0,0
936.0,1
382.0,0
639.0,1
3685.0,1
4170.0,1
2948.0,1
4087.0,1
916.0,0
3878.0,0
4090.0,0
2824.0,0
3443.0,0
4100.0,0
1243.0,1
479.0,0
3787.0,1
3011.0,1
399.0,1
2708.0,1
32.0,1
1438.0,1
3020.0,0
3515.0,0
636.0,1
2630.0,0
3777.0,1
569.0,1
1094.0,0
318.0,0
2495.0,0
1792.0,1
1152.0,0
3564.0,0
4526.0,0
131.0,0
448.0,1
2130.0,1
1488.0,0
1234.0,1
1535.0,0
1425.0,1
492.0,1
2512.0,1
3511.0,1
3929.0,1
370.0,0
4560.0,1
3640.0,1
2123.0,0
920.0,1
2560.0,0
2036.0,1
1127.0,0
810.0,0
927.0,0
2617.0,0
21.0,1
3173.0,0
3836.0,0
322.0,1
2026.0,0
1637.0,1
4704.0,0
430.0,0
2753.0,1
4793.0,0
1897.0,1
1369.0,0
4336.0,1
3987.0,0
2808.0,0
3850.0,0
4212.0,1
2253.0,1
610.0,1
1426.0,1
2039.0,0
2143.0,1
4618.0,0
4125.0,0
1314.0,0
3933.0,0
784.0,1
2777.0,0
3867.0,1
2724.0,1
25.0,0
3056.0,1
514.0,1
1182.0,1
1766.0,1
3859.0,1
2748.0,1
2005.0,1
1400.0,1
1142.0,1
4047.0,1
1652.0,0
1793.0,1
1713.0,1
2490.0,1
4291.0,1
546.0,1
2124.0,0
1510.0,0
342.0,1
2844.0,1
1872.0,1
4754.0,1
1218.0,1
1120.0,0
3494.0,0
4622.0,1
2003.0,0
3354.0,0
1999.0,1
2997.0,0
2129.0,1
839.0,1
4005.0,0
4620.0,1
3005.0,0
4474.0,0
866.0,1
806.0,1
3984.0,1
550.0,1
387.0,0
772.0,1
3935.0,1
2962.0,1
3655.0,1
2651.0,1
2181.0,1
1309.0,1
3311.0,1
286.0,0
324.0,0
3506.0,1
2533.0,1
497.0,1
1930.0,1
3737.0,1
3032.0,1
3592.0,1
2524.0,0
3890.0,1
1117.0,1
3701.0,1
2754.0,1
3138.0,1
1513.0,1
1882.0,1
957.0,1
4174.0,0
729.0,1
2329.0,0
1998.0,1
2316.0,1
3037.0,0
374.0,1
2951.0,1
2212.0,1
29.0,0
976.0,1
2557.0,1
4741.0,1
1168.0,1
528.0,1
3095.0,1
4702.0,1
4172.0,0
2682.0,0
689.0,0
1041.0,1
4340.0,1
4226.0,1
1308.0,1
1660.0,0
2078.0,1
3428.0,1
1445.0,1
1701.0,1
2055.0,1
1917.0,1
1759.0,1
3210.0,0
1893.0,1
3924.0,0
1115.0,0
740.0,1
1196.0,0
2382.0,1
3068.0,0
2788.0,0
2571.0,1
1560.0,1
4764.0,1
2262.0,0
4637.0,1
4051.0,0
495.0,1
2064.0,1
3611.0,1
3747.0,1
2677.0,0
4230.0,1
4830.0,1
4421.0,0
1130.0,1
1563.0,0
4159.0,1
3131.0,1
1680.0,0
4516.0,1
790.0,0
1368.0,1
2961.0,1
3649.0,0
3237.0,1
2727.0,1
4774.0,1
3291.0,0
1297.0,1
428.0,1
3094.0,1
3083.0,0
2850.0,0
3031.0,1
3571.0,1
4361.0,1
1860.0,1
4437.0,1
3335.0,0
3750.0,0
3744.0,0
4121.0,1
647.0,1
4283.0,0
2803.0,0
748.0,0
373.0,1
697.0,0
509.0,1
3438.0,0
2008.0,1
3487.0,1
766.0,1
768.0,1
969.0,1
2115.0,0
3425.0,1
523.0,0
3895.0,1
3355.0,0
3718.0,0
424.0,1
1984.0,1
3478.0,0
4771.0,1
2223.0,1
2660.0,0
2654.0,1
3575.0,1
2672.0,0
4602.0,1
769.0,0
3222.0,0
874.0,0
2835.0,0
4367.0,0
4391.0,1
1874.0,1
1320.0,0
3262.0,0
3585.0,1
2397.0,1
330.0,0
3838.0,0
2159.0,0
4314.0,1
3462.0,0
3563.0,1
2789.0,1
4654.0,1
923.0,1
2834.0,1
1976.0,1
4788.0,1
4739.0,0
656.0,1
1753.0,0
4791.0,0
9.0,1
2499.0,0
2338.0,1
4792.0,0
4817.0,0
4078.0,0
1409.0,0
2669.0,0
4782.0,1
4816.0,0
4813.0,1
1839.0,0
897.0,0
1296.0,0
591.0,1
2408.0,0
4615.0,1
3214.0,0
1214.0,1
3523.0,1
4315.0,1
820.0,1
368.0,0
4257.0,0
924.0,1
1017.0,1
2189.0,1
1633.0,1
1719.0,1
180.0,1
193.0,1
366.0,1
2987.0,1
3253.0,1
4378.0,1
1351.0,1
4436.0,1
118.0,1
4644.0,1
2870.0,0
4669.0,1
4647.0,1
482.0,1
2392.0,1
1206.0,1
1203.0,1
2270.0,0
1855.0,1
1389.0,1
4608.0,1
2810.0,0
4069.0,1
4057.0,1
1588.0,1
3725.0,0
2114.0,0
4399.0,1
4335.0,0
962.0,0
4054.0,1
756.0,1
3106.0,1
3977.0,1
2455.0,0
4498.0,0
2938.0,0
711.0,0
1907.0,0
2153.0,1
3332.0,1
4402.0,1
1298.0,1
4220.0,1
3172.0,0
4141.0,1
4603.0,1
1978.0,0
691.0,1
307.0,0
1667.0,1
4429.0,1
2173.0,1
1670.0,0
1009.0,1
668.0,1
3530.0,1
3202.0,1
1808.0,1
1947.0,1
102.0,1
533.0,1
1673.0,0
4680.0,0
4161.0,1
4253.0,1
3557.0,1
465.0,0
948.0,1
3316.0,0
2240.0,1
3671.0,1
4313.0,1
7.0,1
2498.0,0
1794.0,1
3395.0,1
3086.0,1
327.0,0
2953.0,1
2967.0,0
4319.0,0
2425.0,1
1545.0,1
1040.0,1
1462.0,1
4289.0,1
4463.0,1
3006.0,0
864.0,1
627.0,1
777.0,1
3313.0,1
666.0,1
2903.0,1
3589.0,1
2420.0,0
427.0,1
4692.0,1
1752.0,1
638.0,0
3829.0,1
2873.0,1
1077.0,1
4461.0,1
3023.0,1
4468.0,0
3751.0,1
908.0,0
1801.0,1
3911.0,0
945.0,0
4478.0,1
1340.0,1
3303.0,1
3731.0,0
3469.0,1
1189.0,1
4430.0,0
3424.0,1
92.0,0
2041.0,1
4217.0,1
630.0,0
106.0,0
3206.0,0
350.0,0
2463.0,0
972.0,1
3411.0,0
1174.0,1
4662.0,1
4814.0,1
292.0,1
4158.0,1
3295.0,1
2052.0,1
2871.0,1
4678.0,1
4785.0,0
4838.0,1
490.0,0
1726.0,0
217.0,0
3912.0,1
4127.0,0
94.0,1
4539.0,1
1873.0,0
4308.0,1
315.0,1
1517.0,1
4497.0,0
2831.0,1
775.0,1
1028.0,1
2836.0,1
1914.0,0
1158.0,0
1066.0,1
2177.0,0
3061.0,0
2517.0,1
3727.0,1
3110.0,1
2645.0,1
62.0,1
4214.0,0
3988.0,0
266.0,0
3149.0,1
1367.0,1
2537.0,0
604.0,1
3000.0,1
2775.0,1
2627.0,1
3981.0,0
126.0,1
2149.0,1
1375.0,0
4718.0,1
445.0,0
1220.0,1
4219.0,0
2773.0,1
31.0,1
3761.0,0
4427.0,1
3533.0,0
1353.0,1
570.0,1
2431.0,0
4143.0,1
216.0,1
4035.0,0
2999.0,1
1083.0,0
4036.0,0
1767.0,1
2720.0,1
4811.0,1
451.0,1
938.0,1
364.0,1
4423.0,1
69.0,1
277.0,1
3130.0,1
3647.0,1
1465.0,1
2713.0,0
3783.0,1
273.0,1
1125.0,1
2092.0,1
3402.0,1
2776.0,1
2417.0,1
949.0,0
2255.0,1
1887.0,1
1395.0,0
3601.0,0
3604.0,1
3273.0,0
3218.0,1
3657.0,1
2175.0,1
1604.0,1
4418.0,1
3385.0,0
3868.0,0
3297.0,1
4797.0,0
3327.0,0
2464.0,1
4009.0,1
3026.0,0
4205.0,1
1941.0,1
4673.0,1
4243.0,0
975.0,0
3570.0,1
1574.0,1
2277.0,1
4377.0,0
2125.0,1
3545.0,0
4211.0,0
1747.0,1
2650.0,1
3108.0,0
3607.0,1
3755.0,0
3118.0,1
2361.0,1
2416.0,1
4684.0,0
2613.0,1
2486.0,1
1039.0,1
3896.0,1
43.0,1
1654.0,0
1124.0,1
2435.0,1
3625.0,1
3968.0,1
1133.0,1
4532.0,1
1324.0,1
3115.0,1
3022.0,0
1392.0,1
4200.0,1
4413.0,0
1329.0,0
1544.0,1
3872.0,0
1105.0,0
3553.0,1
2220.0,1
3050.0,1
2414.0,1
3857.0,1
2785.0,1
4763.0,0
3155.0,0
2782.0,1
3091.0,0
2797.0,1
2396.0,1
581.0,1
3448.0,1
2291.0,1
4351.0,1
3101.0,1
1363.0,1
1489.0,1
1950.0,1
2757.0,1
4798.0,1
2631.0,1
135.0,0
3891.0,0
2562.0,1
2200.0,1
4349.0,0
3372.0,1
590.0,1
3001.0,1
3864.0,1
3100.0,1
2043.0,0
267.0,0
1965.0,1
2760.0,0
3853.0,0
1223.0,0
2122.0,1
4273.0,0
3296.0,1
4659.0,1
3786.0,0
3772.0,1
3163.0,1
2483.0,1
2722.0,0
2738.0,0
4094.0,1
3293.0,1
4511.0,1
4033.0,1
1132.0,1
1239.0,1
2120.0,1
1209.0,0
1276.0,1
2784.0,0
3458.0,1
713.0,1
2163.0,1
2376.0,1
3227.0,0
413.0,1
931.0,0
268.0,0
2090.0,1
1463.0,0
2865.0,1
411.0,1
2852.0,1
3036.0,1
276.0,1
2979.0,1
1089.0,1
2479.0,0
809.0,1
1592.0,0
2383.0,0
2040.0,0
2907.0,1
2813.0,0
1004.0,1
3724.0,1
529.0,1
4580.0,0
2110.0,0
741.0,1
622.0,0
4129.0,1
2521.0,0
786.0,0
338.0,1
2247.0,0
2648.0,0
3931.0,1
578.0,1
2117.0,1
3287.0,0
3245.0,1
623.0,1
46.0,1
4836.0,1
283.0,0
2843.0,0
1444.0,0
1086.0,1
4454.0,1
3683.0,0
371.0,1
2881.0,1
2616.0,0
82.0,1
1863.0,1
3754.0,0
1658.0,1
1183.0,1
3782.0,1
426.0,1
1692.0,0
2890.0,1
150.0,1
3903.0,1
1045.0,0
2883.0,1
2035.0,1
1890.0,0
3736.0,0
3803.0,1
4261.0,1
2766.0,0
4317.0,1
3948.0,0
494.0,1
827.0,1
2203.0,0
4486.0,0
2597.0,1
1036.0,1
2354.0,1
4828.0,1
2588.0,1
3201.0,1
200.0,1
2954.0,0
4760.0,0
2916.0,0
3871.0,1
2441.0,0
68.0,0
1516.0,1
3573.0,0
3292.0,0
4295.0,1
151.0,1
2023.0,0
4730.0,1
1776.0,1
148.0,0
3516.0,1
513.0,0
1280.0,1
620.0,0
2436.0,0
560.0,1
3067.0,0
3764.0,1
3830.0,0
367.0,1
3612.0,1
3696.0,1
2877.0,0
1755.0,1
4374.0,1
2473.0,1
3759.0,0
2164.0,1
4346.0,1
977.0,1
1505.0,1
365.0,1
4394.0,1
2869.0,1
140.0,0
3244.0,0
226.0,0
2388.0,0
483.0,0
4510.0,0
505.0,1
40.0,0
3918.0,1
3171.0,0
3668.0,0
285.0,1
1830.0,0
2226.0,1
3709.0,0
841.0,1
2849.0,1
1331.0,0
4093.0,0
1274.0,0
3024.0,0
1151.0,0
115.0,1
3278.0,0
4607.0,0
4444.0,1
2320.0,1
1081.0,1
3116.0,0
1316.0,1
2845.0,0
4700.0,0
2306.0,1
1449.0,1
670.0,1
2719.0,1
852.0,1
868.0,1
1483.0,1
1080.0,0
848.0,1
1865.0,1
124.0,0
4397.0,0
542.0,1
125.0,1
3260.0,0
1748.0,0
851.0,1
1754.0,1
1778.0,0
326.0,0
2138.0,1
2032.0,0
1674.0,1
1942.0,1
1497.0,0
849.0,1
2133.0,1
3944.0,0
225.0,0
1180.0,0
4203.0,0
4375.0,0
491.0,0
730.0,0
4185.0,0
4084.0,1
3534.0,0
1128.0,0
847.0,1
1681.0,0
1491.0,1
3602.0,1
4390.0,0
4266.0,0
2799.0,1
844.0,0
1123.0,0
3340.0,0
3646.0,0
1439.0,1
4695.0,1
4707.0,0
952.0,0
2342.0,1
1820.0,1
640.0,0
1718.0,1
1301.0,0
4221.0,1
2018.0,0
4358.0,1
3757.0,1
1419.0,0
1717.0,1
4137.0,0
1084.0,1
4802.0,0
4557.0,1
2319.0,0
4756.0,0
4803.0,0
3897.0,1
294.0,1
1012.0,1
914.0,1
2888.0,1
223.0,1
2941.0,0
3349.0,0
310.0,1
4247.0,0
4006.0,0
2510.0,0
3286.0,0
4784.0,1
3863.0,0
4719.0,1
4613.0,1
2456.0,1
4541.0,1
707.0,1
3615.0,1
1279.0,1
4148.0,0
2209.0,1
291.0,0
4376.0,0
1211.0,1
1675.0,1
476.0,0
559.0,1
1816.0,1
1935.0,0
4102.0,1
930.0,1
1691.0,1
1876.0,1
2058.0,1
4752.0,1
1689.0,0
896.0,0
1597.0,1
1745.0,0
222.0,1
1460.0,1
554.0,1
4502.0,1
1459.0,1
4332.0,1
2326.0,1
2618.0,0
998.0,1
1291.0,0
2061.0,1
120.0,0
2644.0,1
1750.0,1
3723.0,0
2619.0,1
4716.0,1
3181.0,1
4120.0,1
4837.0,1
3812.0,0
724.0,1
1145.0,1
2359.0,0
664.0,1
3423.0,1
2308.0,1
1310.0,0
2739.0,1
1991.0,1
3071.0,1
1906.0,1
2389.0,0
1555.0,0
3041.0,0
2747.0,1
4015.0,1
4279.0,1
4488.0,1
2879.0,1
11.0,1
4496.0,1
221.0,1
181.0,1
877.0,1
1325.0,0
1967.0,1
4732.0,1
4521.0,1
947.0,1
3396.0,1
1697.0,1
1295.0,1
4287.0,1
2746.0,0
3200.0,0
3922.0,1
2737.0,1
4404.0,0
3799.0,1
404.0,1
1653.0,0
4160.0,1
2985.0,1
201.0,0
122.0,0
2452.0,1
91.0,1
994.0,1
3488.0,0
170.0,0
2982.0,1
2555.0,1
869.0,0
3742.0,0
247.0,1
3711.0,0
2596.0,0
3748.0,0
4044.0,1
3187.0,1
3678.0,1
269.0,1
1126.0,1
937.0,0
3784.0,1
2632.0,1
2546.0,0
279.0,0
4655.0,1
3065.0,0
2327.0,1
1762.0,1
4815.0,1
4299.0,1
846.0,0
1665.0,1
3182.0,0
3819.0,0
4285.0,1
674.0,1
101.0,1
4383.0,0
1694.0,0
77.0,1
4628.0,1
2054.0,0
2696.0,0
566.0,1
3360.0,1
3045.0,0
1047.0,1
2031.0,1
1515.0,1
1146.0,0
4300.0,1
4197.0,1
4441.0,1
3075.0,1
4462.0,1
4588.0,0
1712.0,0
1366.0,0
3114.0,0
319.0,0
2224.0,0
241.0,1
1242.0,1
1055.0,1
3686.0,1
2470.0,0
1111.0,0
3503.0,1
15.0,1
343.0,1
4124.0,1
1390.0,1
2204.0,1
3148.0,1
1317.0,0
2974.0,0
1566.0,1
3337.0,0
2214.0,1
758.0,1
3436.0,1
1520.0,1
754.0,0
1267.0,1
2534.0,0
349.0,1
2109.0,0
359.0,0
3404.0,1
3283.0,0
2317.0,1
4175.0,0
3766.0,1
1603.0,1
3480.0,1
4434.0,0
583.0,0
2522.0,1
2927.0,0
4442.0,0
3252.0,0
562.0,1
4623.0,0
1587.0,0
850.0,1
4286.0,0
853.0,1
1251.0,0
1161.0,1
1478.0,0
2809.0,1
4077.0,0
665.0,1
1475.0,1
4583.0,0
401.0,0
618.0,1
530.0,0
1995.0,0
2992.0,1
4643.0,1
2841.0,0
2065.0,0
3677.0,1
41.0,1
449.0,1
2853.0,1
3768.0,1
2368.0,0
435.0,0
1199.0,0
2823.0,0
1593.0,1
2790.0,1
2009.0,1
2629.0,1
2371.0,1
2087.0,1
3343.0,0
2409.0,1
3577.0,1
3009.0,1
747.0,0
857.0,1
2322.0,0
3959.0,0
3157.0,1
3855.0,0
275.0,1
1841.0,1
3231.0,1
3942.0,0
764.0,1
2145.0,0
4262.0,1
1249.0,1
45.0,1
1951.0,1
2839.0,1
3334.0,0
27.0,0
1852.0,1
886.0,1
2037.0,1
2264.0,0
990.0,1
155.0,1
3975.0,1
738.0,1
3456.0,1
549.0,1
1940.0,1
1500.0,0
3733.0,1
1933.0,1
802.0,1
574.0,0
1054.0,0
2197.0,0
1358.0,1
2666.0,0
4515.0,1
2558.0,0
3213.0,0
2387.0,1
438.0,1
4270.0,0
1546.0,1
982.0,0
1921.0,0
3555.0,0
1848.0,1
1181.0,0
2729.0,0
2101.0,0
3865.0,0
3261.0,0
2875.0,0
2001.0,1
612.0,0
2935.0,1
2269.0,1
515.0,1
1357.0,1
2863.0,0
336.0,1
1467.0,1
2530.0,1
4256.0,1
3626.0,0
2983.0,1
2108.0,1
891.0,1
3771.0,1
3199.0,1
2345.0,1
3815.0,1
1556.0,1
1442.0,0
3413.0,1
1156.0,1
3012.0,1
701.0,1
2820.0,1
3510.0,1
405.0,0
964.0,1
1281.0,1
2015.0,1
3854.0,1
721.0,0
743.0,0
3475.0,1
260.0,1
39.0,1
309.0,1
734.0,1
2837.0,1
592.0,1
1149.0,1
778.0,1
3057.0,1
381.0,0
1494.0,0
3347.0,0
2749.0,1
2349.0,0
3113.0,0
2051.0,0
1155.0,0
4163.0,0
3044.0,0
4359.0,0
2978.0,0
4338.0,1
4011.0,0
3986.0,1
2742.0,0
4696.0,0
2697.0,1
3300.0,0
3716.0,1
1104.0,1
4302.0,0
403.0,1
2404.0,0
2098.0,1
3960.0,1
1579.0,0
2692.0,1
3144.0,1
457.0,1
302.0,1
3963.0,1
1290.0,1
2411.0,1
419.0,1
2285.0,1
921.0,0
619.0,0
353.0,0
3631.0,1
4576.0,0
4198.0,1
287.0,1
801.0,1
111.0,1
2481.0,1
3813.0,0
709.0,0
3363.0,1
4208.0,0
735.0,1
1898.0,1
1988.0,1
795.0,1
4171.0,1
3684.0,0
1411.0,1
887.0,1
1912.0,0
4326.0,0
4473.0,0
3175.0,0
1176.0,0
2678.0,1
2418.0,1
2704.0,0
3312.0,1
913.0,0
3407.0,0
173.0,0
2929.0,0
3798.0,1
2271.0,1
35.0,1
3769.0,1
3472.0,1
4251.0,0
1938.0,0
3636.0,1
4595.0,1
925.0,1
1677.0,1
4686.0,1
1542.0,1
1429.0,1
2539.0,0
1501.0,0
1997.0,1
2909.0,1
2504.0,1
4549.0,0
3704.0,0
3442.0,0
2515.0,1
688.0,0
1403.0,0
4157.0,1
4043.0,1
4268.0,1
1344.0,0
3232.0,1
3477.0,0
3504.0,1
2497.0,0
2432.0,1
1391.0,1
705.0,1
4182.0,0
4193.0,0
2372.0,1
2206.0,0
2950.0,1
2289.0,1
4081.0,1
1103.0,1
1824.0,1
1278.0,1
2010.0,1
4674.0,1
4688.0,0
3531.0,1
2446.0,0
3497.0,1
2516.0,0
4098.0,0
63.0,1
1240.0,0
4180.0,1
485.0,0
4671.0,1
4664.0,1
3538.0,1
1961.0,1
1768.0,1
3953.0,1
1777.0,1
4556.0,0
4694.0,0
203.0,1
278.0,1
774.0,0
4566.0,1
1171.0,1
1929.0,0
1332.0,0
2419.0,0
2614.0,1
1949.0,0
3827.0,1
3888.0,0
2460.0,0
2261.0,0
2701.0,0
2449.0,1
4228.0,0
2590.0,1
3325.0,1
1869.0,1
1163.0,0
4224.0,1
1472.0,0
1160.0,0
236.0,0
4067.0,1
3098.0,0
2956.0,1
2241.0,0
2332.0,0
1065.0,0
2268.0,0
393.0,1
821.0,1
3308.0,1
2184.0,1
828.0,0
3666.0,1
2780.0,1
2205.0,0
243.0,1
4821.0,0
3010.0,0
803.0,0
4601.0,0
2867.0,0
2769.0,0
3147.0,1
553.0,0
105.0,1
4483.0,0
2374.0,1
1946.0,0
4698.0,0
2851.0,0
1749.0,0
1405.0,1
577.0,1
2891.0,1
2520.0,0
3333.0,1
1023.0,1
1377.0,1
1284.0,1
2936.0,1
1690.0,1
467.0,0
1212.0,1
4581.0,1
4529.0,0
2478.0,1
3972.0,1
3706.0,1
3856.0,1
4776.0,0
2584.0,1
1021.0,1
4388.0,1
2.0,1
4240.0,0
2336.0,1
2384.0,0
4431.0,0
1527.0,1
1252.0,1
1364.0,1
3040.0,1
1349.0,1
4321.0,1
2007.0,0
4151.0,1
1452.0,0
3946.0,1
1927.0,0
3225.0,1
220.0,1
3205.0,1
2895.0,0
1737.0,1
3995.0,0
4407.0,1
2639.0,0
2318.0,1
607.0,1
1724.0,1
959.0,0
2872.0,1
100.0,1
1082.0,1
2324.0,0
4663.0,1
3831.0,0
2489.0,0
3881.0,0
4334.0,1
1575.0,1
2566.0,1
420.0,1
2310.0,1
2545.0,0
3069.0,1
4060.0,0
3211.0,1
1939.0,1
22.0,1
2931.0,1
3700.0,0
4831.0,1
843.0,1
527.0,1
698.0,1
3600.0,0
2493.0,1
2066.0,1
3127.0,1
4022.0,0
4677.0,0
2239.0,0
1097.0,0
4152.0,0
113.0,1
1974.0,1
3936.0,0
2100.0,0
3916.0,1
635.0,1
3493.0,1
3627.0,1
4573.0,0
626.0,0
4835.0,0
621.0,1
4026.0,0
3962.0,1
4587.0,0
3015.0,0
3551.0,0
2990.0,0
535.0,1
4563.0,0
2334.0,0
2698.0,1
2254.0,0
3697.0,0
4465.0,0
3947.0,0
727.0,0
3886.0,0
4007.0,0
882.0,0
1607.0,0
1594.0,0
2932.0,0
1800.0,0
3519.0,0
191.0,0
2022.0,0
928.0,0
2091.0,0
2042.0,0
1770.0,0
375.0,0
1430.0,0
2531.0,0
2915.0,0
606.0,0
2565.0,0
2281.0,0
2154.0,0
1821.0,0
1615.0,0
378.0,0
4294.0,0
2812.0,0
1683.0,0
4411.0,0
3087.0,0
1063.0,0
3066.0,0
246.0,0
3374.0,0
4834.0,0
967.0,0
3790.0,0
1058.0,0
2887.0,0
2541.0,0
2671.0,0
1148.0,0
1477.0,0
4490.0,0
680.0,0
1237.0,0
3444.0,0
2874.0,0
2461.0,0
1.0,0
3034.0,0
3719.0,0
3062.0,0
4505.0,0
1210.0,0
1836.0,0
2429.0,0
3393.0,0
3676.0,0
2939.0,0
2609.0,0
3801.0,0
2187.0,0
1049.0,0
1333.0,0
4638.0,0
507.0,0
650.0,0
4494.0,0
4272.0,0
953.0,0
939.0,0
2923.0,0
1605.0,0
2732.0,0
617.0,0
463.0,0
3980.0,0
2905.0,0
1285.0,0
1875.0,0
264.0,0
3866.0,0
1870.0,0
4717.0,0
3518.0,0
3064.0,0
1372.0,0
1385.0,0
54.0,0
144.0,0
690.0,0
1380.0,0
406.0,0
2848.0,0
2833.0,0
2290.0,0
4348.0,0
903.0,0
361.0,0
773.0,0
146.0,0
313.0,0
1299.0,0
2846.0,0
1708.0,0
4800.0,0
3569.0,0
4453.0,0
1304.0,0
3875.0,0
2357.0,0
954.0,0
1557.0,0
2615.0,0
498.0,0
4380.0,0
1131.0,0
1192.0,0
3226.0,0
2096.0,0
454.0,0
871.0,0
4074.0,0
2362.0,0
974.0,0
397.0,0
469.0,0
372.0,0
206.0,0
1424.0,0
3848.0,0
3665.0,0
281.0,0
3039.0,0
1338.0,0
2690.0,0
2575.0,0
55.0,0
3650.0,0
1365.0,0
2222.0,0
1528.0,0
2421.0,0
2276.0,0
464.0,0
4826.0,0
4592.0,0
233.0,0
3840.0,0
779.0,0
2902.0,0
2966.0,0
3109.0,0
1129.0,0
4522.0,0
642.0,0
1635.0,0
3939.0,0
3695.0,0
737.0,0
2658.0,0
3238.0,0
1600.0,0
3416.0,0
1645.0,0
384.0,0
1169.0,0
2551.0,0
1886.0,0
907.0,0
4705.0,0
2885.0,0
4165.0,0
4406.0,0
1159.0,0
2244.0,0
337.0,0
1832.0,0
1273.0,0
2192.0,0
3196.0,0
3437.0,0
4000.0,0
1611.0,0
1219.0,0
1905.0,0
3197.0,0
1014.0,0
2346.0,0
4113.0,0
1538.0,0
751.0,0
172.0,0
2459.0,0
1088.0,0
1723.0,0
1764.0,0
2131.0,0
3473.0,0
165.0,0
1553.0,0
873.0,0
3265.0,0
3406.0,0
4586.0,0
256.0,0
1789.0,0
739.0,0
865.0,0
3140.0,0
1552.0,0
2965.0,0
3377.0,0
1093.0,0
2410.0,0
771.0,0
4135.0,0
780.0,0
1031.0,0
2469.0,0
2085.0,0
376.0,0
3907.0,0
1780.0,0
602.0,0
1797.0,0
4627.0,0
3734.0,0
2284.0,0
2373.0,0
608.0,0
3250.0,0
4569.0,0
3633.0,0
3730.0,0
3722.0,0
2507.0,0
167.0,0
2377.0,0
4235.0,0
3366.0,0
4255.0,0
1889.0,0
1476.0,0
2494.0,0
49.0,0
736.0,0
3346.0,0
4804.0,0
164.0,0
3331.0,0
3381.0,0
441.0,0
3370.0,0
4201.0,0
1307.0,0
1095.0,0
3277.0,0
198.0,0
3791.0,0
870.0,0
2263.0,0
3.0,0
1915.0,0
107.0,0
4381.0,0
3169.0,0
2303.0,0
1514.0,0
4452.0,0
958.0,0
4190.0,0
2168.0,0
4027.0,0
1090.0,0
1096.0,0
4742.0,0
4210.0,0
2569.0,0
3917.0,0
2876.0,0
4298.0,0
1787.0,0
4652.0,0
20.0,0
3800.0,0
2053.0,0
2356.0,0
4330.0,0
3847.0,0
2313.0,0
4021.0,0
1361.0,0
1699.0,0
3889.0,0
1469.0,0
4233.0,0
179.0,0
1568.0,0
1966.0,0
1277.0,0
3974.0,0
3973.0,0
1763.0,0
4585.0,0
888.0,0
3877.0,0
3228.0,0
4639.0,0
4216.0,0
2662.0,0
2636.0,0
2394.0,0
884.0,0
3080.0,0
3514.0,0
4435.0,0
215.0,0
2527.0,0
1554.0,0
3049.0,0
3217.0,0
3391.0,0
830.0,0
669.0,0
4722.0,0
3290.0,0
4540.0,0
305.0,0
1901.0,0
2210.0,0
3749.0,0
3209.0,0
4485.0,0
296.0,0
4464.0,0
2904.0,0
2196.0,0
1006.0,0
576.0,0
760.0,0
3476.0,0
250.0,0
3060.0,0
2528.0,0
2121.0,0
1154.0,0
4779.0,0
5.0,0
1729.0,0
4633.0,0
242.0,0
3930.0,0
749.0,0
3259.0,0
4689.0,0
1970.0,0
3299.0,0
2574.0,0
1620.0,0
2140.0,0
3598.0,0
855.0,0
14.0,0
4136.0,0
2655.0,0
1221.0,0
1756.0,0
4645.0,0
3536.0,0
1916.0,0
3532.0,0
2103.0,0
2014.0,0
1258.0,0
922.0,0
4037.0,0
4089.0,0
2004.0,0
1213.0,0
3876.0,0
3606.0,0
892.0,0
726.0,0
4738.0,0
4808.0,0
4323.0,0
1027.0,0
34.0,0
3623.0,0
1570.0,0
234.0,0
377.0,0
1867.0,0
653.0,0
2743.0,0
1661.0,0
2172.0,0
114.0,0
1230.0,0
1596.0,0
3703.0,0
4794.0,0
2771.0,0
4787.0,0
4555.0,0
1630.0,0
4050.0,0
1399.0,0
4552.0,0
2321.0,0
2141.0,0
4469.0,0
3527.0,0
2646.0,0
3846.0,0
471.0,0
658.0,0
2830.0,0
4456.0,0
1948.0,0
1259.0,0
3778.0,0
2728.0,0
1287.0,0
4311.0,0
686.0,0
518.0,0
1796.0,0
357.0,0
4099.0,0
2659.0,0
3123.0,0
251.0,0
3141.0,0
2198.0,0
2917.0,0
817.0,0
1486.0,0
746.0,0
3156.0,0
918.0,0
1378.0,0
3620.0,0
86.0,0
2572.0,0
3256.0,0
2089.0,0
4571.0,0
2477.0,0
50.0,0
1569.0,0
1264.0,0
2298.0,0
3166.0,0
4691.0,0
416.0,0
3121.0,0
1208.0,0
1064.0,0
3910.0,0
4063.0,0
3860.0,0
4578.0,0
2577.0,0
4365.0,0
3584.0,0
2280.0,0
628.0,0
3471.0,0
1347.0,0
3823.0,0
232.0,0
1335.0,0
685.0,0
470.0,0
2236.0,0
3852.0,0
3547.0,0
2787.0,0
3433.0,0
2225.0,0
4.0,0
1024.0,0
468.0,0
3520.0,0
455.0,0
4528.0,0
1480.0,0
4648.0,0
1638.0,0
588.0,0
532.0,0
2919.0,0
1953.0,0
1388.0,0
2730.0,0
1015.0,0
1034.0,0
4545.0,0
4260.0,0
3605.0,0
1098.0,0
3414.0,0
1207.0,0
1433.0,0
440.0,0
979.0,0
2502.0,0
1248.0,0
1655.0,0
2717.0,0
1002.0,0
1543.0,0
4062.0,0
3059.0,0
2294.0,0
3581.0,0
4195.0,0
2299.0,0
1482.0,0
1037.0,0
1980.0,0
1511.0,0
926.0,0
110.0,0
4371.0,0
3802.0,0
3145.0,0
1468.0,0
1986.0,0
3072.0,0
1964.0,0
834.0,0
3608.0,0
4138.0,0
4331.0,0
3099.0,0
4092.0,0
317.0,0
4829.0,0
4533.0,0
70.0,0
2556.0,0
4189.0,0
2165.0,0
2468.0,0
1359.0,0
4735.0,0
1384.0,0
1609.0,0
1742.0,0
3304.0,0
2273.0,0
3453.0,0
4777.0,0
2260.0,0
3591.0,0
2553.0,0
99.0,0
4095.0,0
4144.0,0
3932.0,0
3576.0,0
980.0,0
2626.0,0
683.0,0
4164.0,0
1720.0,0
2426.0,0
3236.0,0
3952.0,0
1931.0,0
955.0,0
3588.0,0
2228.0,0
2021.0,0
390.0,0
3053.0,0
437.0,0
1880.0,0
1530.0,0
472.0,0
2996.0,0
1423.0,0
3717.0,0
79.0,0
4757.0,0
3193.0,0
2633.0,0
4656.0,0
951.0,0
757.0,0
2726.0,0
4790.0,0
3726.0,0
3257.0,0
861.0,0
4773.0,0
2519.0,0
4714.0,0
1786.0,0
1936.0,0
4422.0,0
3143.0,0
2674.0,0
3945.0,0
293.0,0
2896.0,0
186.0,0
4758.0,0
2099.0,0
1070.0,0
2380.0,0
1858.0,0
2208.0,0
2424.0,0
1868.0,0
600.0,0
4679.0,0
51.0,0
4770.0,0
2665.0,0
316.0,0
3699.0,0
819.0,0
1826.0,0
4259.0,0
1099.0,0
2323.0,0
3679.0,0
3763.0,0
1731.0,0
1895.0,0
4019.0,0
2474.0,0
816.0,0
4796.0,0
2288.0,0
2995.0,0
1321.0,0
1354.0,0
1256.0,0
2341.0,0
1760.0,0
3439.0,0
898.0,0
157.0,0
4650.0,0
1751.0,0
1025.0,0
716.0,0
2643.0,0
4034.0,0
963.0,0
4789.0,0
3429.0,0
3496.0,0
3306.0,0
301.0,0
1232.0,0
1318.0,0
2707.0,0
763.0,0
524.0,0
3203.0,0
2413.0,0
1427.0,0
2034.0,0
1650.0,0
2070.0,0
2386.0,0
593.0,0
3133.0,0
2856.0,0
1020.0,0
4548.0,0
3597.0,0
2448.0,0
2716.0,0
4181.0,0
4097.0,0
4827.0,0
520.0,0
1122.0,0
1734.0,0
459.0,0
3628.0,0
1334.0,0
1679.0,0
4409.0,0
4818.0,0
4697.0,0
195.0,0
1721.0,0
1008.0,0
311.0,0
3712.0,0
3927.0,0
4562.0,0
3593.0,0
3198.0,0
76.0,0
362.0,0
3760.0,0
1526.0,0
2955.0,0
2920.0,0
1815.0,0
3215.0,0
1011.0,0
589.0,0
4780.0,0
2266.0,0
4682.0,0
127.0,0
1782.0,0
3618.0,0
4248.0,0
2274.0,0
1110.0,0
1293.0,0
968.0,0
4768.0,0
3350.0,0
547.0,0
3509.0,0
2221.0,0
1932.0,0
1617.0,0
2838.0,0
1371.0,0
2972.0,0
1067.0,0
3762.0,0
750.0,0
2886.0,0
4382.0,0
3239.0,0
1977.0,0
3084.0,0
4048.0,0
4386.0,0
2080.0,0
2623.0,0
4731.0,0
3862.0,0
1032.0,0
1166.0,0
4579.0,0
3052.0,0
3498.0,0
2487.0,0
2458.0,0
3954.0,0
1589.0,0
2576.0,0
776.0,0
3035.0,0
4477.0,0
3288.0,0
3688.0,0
2815.0,0
2579.0,0
4282.0,0
3822.0,0
4512.0,0
919.0,0
3690.0,0
3077.0,0
880.0,0
2390.0,0
4040.0,0
2076.0,0
4373.0,0
1739.0,0
3093.0,0
2676.0,0
2649.0,0
340.0,0
742.0,0
585.0,0
4070.0,0
2190.0,0
4218.0,0
572.0,0
4149.0,0
3985.0,0
425.0,0
1671.0,0
1624.0,0
3422.0,0
4709.0,0
3660.0,0
4368.0,0
248.0,0
2398.0,0
3294.0,0
2480.0,0
4567.0,0
409.0,0
883.0,0
1022.0,0
3151.0,0
2471.0,0
2587.0,0
3663.0,0
3353.0,0
525.0,0
1903.0,0
1781.0,0
2287.0,0
211.0,0
2612.0,0
3689.0,0
2731.0,0
4343.0,0
450.0,0
3796.0,0
1672.0,0
4177.0,0
2793.0,0
1275.0,0
1822.0,0
314.0,0
4525.0,0
3970.0,0
2278.0,0
4168.0,0
4584.0,0
4518.0,0
3221.0,0
646.0,0
1835.0,0
2152.0,0
4661.0,0
352.0,0
651.0,0
169.0,0
3440.0,0
4433.0,0
933.0,0
3204.0,0
1408.0,0
1619.0,0
257.0,0
1688.0,0
2258.0,0
1639.0,0
2791.0,0
3432.0,0
3235.0,0
4471.0,0
961.0,0
1740.0,0
2252.0,0
2030.0,0
1722.0,0
2552.0,0
2847.0,0
4109.0,0
904.0,0
4400.0,0
1417.0,0
2689.0,0
2762.0,0
3194.0,0
911.0,0
4500.0,0
1432.0,0
3776.0,0
1184.0,0
3540.0,0
2756.0,0
1345.0,0
2363.0,0
4610.0,0
2002.0,0
696.0,0
1549.0,0
3431.0,0
981.0,0
1884.0,0
2506.0,0
2144.0,0
2578.0,0
2595.0,0
2653.0,0
1185.0,0
2963.0,0
3285.0,0
4666.0,0
2554.0,0
4239.0,0
2462.0,0
3270.0,0
1911.0,0
1973.0,0
1595.0,0
1108.0,0
767.0,0
4625.0,0
202.0,0
649.0,0
4369.0,0
1612.0,0
663.0,0
3345.0,0
1636.0,0
2894.0,0
512.0,0
4042.0,0
3302.0,0
3434.0,0
1521.0,0
3834.0,0
88.0,0
4091.0,0
3329.0,0
3743.0,0
2866.0,0
1087.0,0
3610.0,0
2827.0,0
153.0,0
159.0,0
3379.0,0
3405.0,0
879.0,0
4823.0,0
909.0,0
1802.0,0
633.0,0
1253.0,0
3934.0,0
258.0,0
1641.0,0
3652.0,0
1398.0,0
4083.0,0
3919.0,0
2439.0,0
4547.0,0
1057.0,0
4384.0,0
4419.0,0
2829.0,0
2768.0,0
1085.0,0
1623.0,0
133.0,0
3950.0,0
3242.0,0
4458.0,0
75.0,0
2412.0,0
3781.0,0
4004.0,0
1979.0,0
60.0,0
3582.0,0
4701.0,0
2800.0,0
2599.0,0
3412.0,0
4660.0,0
4508.0,0
3632.0,0
4207.0,0
3926.0,0
3450.0,0
1736.0,0
3243.0,0
4543.0,0
2251.0,0
876.0,0
3186.0,0
3392.0,0
2826.0,0
3070.0,0
558.0,0
3997.0,0
2229.0,0
2977.0,0
3328.0,0
1415.0,0
400.0,0
3195.0,0
609.0,0
4749.0,0
4472.0,0
2568.0,0
1141.0,0
587.0,0
4264.0,0
2453.0,0
3817.0,0
586.0,0
4546.0,0
4480.0,0
1434.0,0
444.0,0
3634.0,0
3357.0,0
2880.0,0
4632.0,0
3976.0,0
3892.0,0
2496.0,0
4568.0,0
2532.0,0
4807.0,0
1323.0,0
3873.0,0
605.0,0
1150.0,0
208.0,0
2912.0,0
1178.0,0
3702.0,0
2006.0,0
481.0,0
3319.0,0
1137.0,0
245.0,0
2899.0,0
4126.0,0
4711.0,0
329.0,0
4630.0,0
1147.0,0
1598.0,0
2898.0,0
3839.0,0
2088.0,0
1913.0,0
351.0,0
3714.0,0
2207.0,0
3613.0,0
4495.0,0
2093.0,0
2465.0,0
334.0,0
2243.0,0
818.0,0
3694.0,0
3949.0,0
759.0,0
3364.0,0
3394.0,0
4699.0,0
240.0,0
1121.0,0
3188.0,0
4328.0,0
2344.0,0
4049.0,0
2993.0,0
2059.0,0
2818.0,0
2185.0,0
875.0,0
1374.0,0
72.0,0
188.0,0
4653.0,0
2472.0,0
1519.0,0
2897.0,0
1958.0,0
2265.0,0
3174.0,0
3550.0,0
3708.0,0
1934.0,0
1144.0,0
1550.0,0
3837.0,0
194.0,0
837.0,0
2628.0,0
1167.0,0
3409.0,0
3457.0,0
4008.0,0
1042.0,0
2428.0,0
872.0,0
59.0,0
4728.0,0
3638.0,0
1261.0,0
3983.0,0
522.0,0
3120.0,0
2922.0,0
3818.0,0
652.0,0
2770.0,0
2563.0,0
2514.0,0
2741.0,0
2227.0,0
347.0,0
443.0,0
2134.0,0
3941.0,0
1944.0,0
2155.0,0
1016.0,0
2763.0,0
4812.0,0
4809.0,0
4167.0,0
1283.0,0
4747.0,0
4710.0,0
85.0,0
1840.0,0
2976.0,0
1908.0,0
3565.0,0
4038.0,0
3063.0,0
3410.0,0
175.0,0
2438.0,0
3548.0,0
1919.0,0
1202.0,0
1061.0,0
614.0,0
4572.0,0
2794.0,0
2166.0,0
845.0,0
815.0,0
2758.0,0
579.0,0
3421.0,0
3940.0,0
2077.0,0
1784.0,0
3352.0,0
1051.0,0
261.0,0
2940.0,0
3578.0,0
1993.0,0
96.0,0
1590.0,0
4733.0,0
3914.0,0
3785.0,0
171.0,0
4822.0,0
1928.0,0
4045.0,0
1406.0,0
4651.0,0
83.0,0
4106.0,0
4507.0,0
3240.0,0
4825.0,0
2217.0,0
675.0,0
2930.0,0
2503.0,0
889.0,0
2201.0,0
2620.0,0
4475.0,0
3923.0,0
4263.0,0
4173.0,0
1029.0,0
825.0,0
3909.0,0
249.0,0
2027.0,0
2454.0,0
3894.0,0
2084.0,0
1827.0,0
16.0,0
2921.0,0
1485.0,0
4687.0,0
4565.0,0
4275.0,0
1265.0,0
2538.0,0
832.0,0
1853.0,0
4542.0,0
4523.0,0
1453.0,0
1649.0,0
4681.0,0
3348.0,0
2180.0,0
3427.0,0
753.0,0
1710.0,0
1583.0,0
720.0,0
218.0,0
1250.0,0
3373.0,0
1356.0,0
2160.0,0
3079.0,0
2635.0,0
2934.0,0
3883.0,0
4231.0,0
584.0,0
4713.0,0
2156.0,0
2598.0,0
1758.0,0
1289.0,0
1342.0,0
4582.0,0
1783.0,0
1007.0,0
2157.0,0
1255.0,0
2067.0,0
1888.0,0
4202.0,0
2033.0,0
2710.0,0
321.0,0
1659.0,0
209.0,0
1071.0,0
4596.0,0
1044.0,0
2805.0,0
2781.0,0
1602.0,0
3732.0,0
1909.0,0
3921.0,0
2127.0,0
2136.0,0
598.0,0
3902.0,0
2083.0,0
1902.0,0
3524.0,0
2550.0,0
417.0,0
2657.0,0
596.0,0
557.0,0
2476.0,0
1685.0,0
